{"cameraMode":{"drawMode":0,"name":"Shaded","section":"Shading Mode"},"sceneLighting":true,"audioPlay":false,"sceneViewState":{"showFog":true,"showMaterialUpdate":true,"showSkybox":true,"showFlares":true,"showImageEffects":true,"showParticleSystems":true},"in2DMode":false,"pivot":{"x":6.973855018615723,"y":6.661391258239746,"z":-9.45730209350586},"rotation":{"x":-0.2437816858291626,"y":0.330966979265213,"z":-0.08893126994371414,"w":-0.907261073589325},"size":12.787177085876465,"orthographic":true}