{"cameraMode":{"drawMode":0,"name":"Shaded","section":"Shading Mode"},"sceneLighting":false,"audioPlay":false,"sceneViewState":{"showFog":true,"showMaterialUpdate":true,"showSkybox":false,"showFlares":true,"showImageEffects":true,"showParticleSystems":true},"in2DMode":false,"pivot":{"x":0.6741197109222412,"y":1.6139965057373047,"z":3.879664421081543},"rotation":{"x":0.2582002580165863,"y":-0.43929705023765566,"z":0.1334385871887207,"w":0.8500270843505859},"size":14.31208324432373,"orthographic":false}